{"QCBM":{"nqubits":[4,5,6,7,8,9,10,11,12,13,14,15,16,17,18,19,20,21,22,23,24,25],"times":[1.54753e6,1.93115e6,2.292244e6,2.491857e6,2.743963e6,3.047936e6,3.691829e6,4.037728e6,4.244888e6,4.504653e6,5.585933e6,6.967919e6,9.457067e6,8.736503e6,9.198729e6,1.1317247e7,2.0582101e7,3.7792894e7,7.3795312e7,1.47684037e8,3.00838859e8,6.21524095e8]}}