{"QCBM":{"nqubits":[4,5,6,7,8,9,10,11,12,13,14,15,16,17,18,19,20,21,22,23,24,25],"times":[39103.0,51664.0,68031.0,92917.0,139895.0,229162.0,414245.0,819588.0,1.651178e6,3.427549e6,7.320302e6,1.5548289e7,3.2585534e7,6.8651074e7,1.44219755e8,3.0455067e8,6.40306019e8,1.548626516e9,3.695163694e9,7.736139042e9,1.6059730412e10,3.3374558862e10]}}